{
  "products": [
    {
      "image_url": "assets/images/wand.png",
      "name": "Wand",
      "price": 2000,
      "description":"A wand was a quasi-sentient magical instrument through which a witch or wizard channelled their magical powers to centralise the effects for more complex results. Most spells were cast with the aid of wands, but spells could be cast without the use of wands. Although wandless magic was more common in other countries, such as some in Africa, European wizards were generally used to using the tool and found wandless magic more difficult, requiring much more concentration and skill to perform these spells.",
      "id": 4
    },
    {
      "image_url": "assets/images/firebolt.jpg",
      "name": "Firebolt",
      "price": 50000,
      "description": "The Firebolt was a world-class broomstick. It was the fastest at the time of its production, and was released in 1993. In time, the Firebolt broomstick was used by the Bulgarian and Irish International Quidditch Teams. The teams played on Firebolts during the 1994 Quidditch World Cup.",
      "id": 5
    },
    {
      "image_url": "assets/images/Horcrux_-_Anello_di_Orvoloson_Gaunt.webp",
      "name": "Marvolo Gaunt's Ring",
      "price": "1200",
      "description": "Marvolo Gaunt's Ring was an heirloom of the House of Gaunt, descendants of Salazar Slytherin and Cadmus Peverell. It was a gold ring inset with a black stone, engraved with what Marvolo Gaunt called the Peverell coat of arms, as it had come into the Gaunt line from an heiress of the Peverells, not the Slytherin family.",
      "id": 6
    }
  ],
  "prices": [
    {
      "type": "1-Giorno",
      "price": 25.99
    },
    {
      "type": "2-Giorni",
      "price": 9.99
    },
    {
      "type": "5-Giorni",
      "price": 2.99
    }
  ]
}
